Method,Resolution,Seed,Number of Clusters,Silhouette Score,Calinski-Harabasz Score,Davies-Bouldin Score,Modularity Score
scVI,0.05,1,2,0.018341543152928352,1554.1317149383087,1.4201670709674756,0.025955859571695328
scVI,0.05,2,2,0.018295306712388992,1550.4629126573395,1.419974384634651,0.02586316131055355
scVI,0.05,3,2,0.018204862251877785,1550.6103697382628,1.4162548130858927,0.025863206014037132
scVI,0.05,4,2,0.018341543152928352,1554.1317149383087,1.4201670709674756,0.025954488664865494
scVI,0.05,5,2,0.01813073270022869,1547.9589716871008,1.4150531002774231,0.025801435112953186
scVI,0.05,6,2,0.01813073270022869,1547.9589716871008,1.4150531002774231,0.025806739926338196
scVI,0.05,7,2,0.017508070915937424,1551.9278340025205,1.4194189607331467,0.025914695113897324
scVI,0.05,8,2,0.0181902889162302,1549.838952115815,1.4160285501561474,0.025852367281913757
scVI,0.05,9,2,0.018327031284570694,1553.3607436071516,1.419943177236756,0.025947824120521545
scFoundation,0.05,5,2,0.2665696144104004,2286.3345451245195,1.2762110995526363,0.02187630534172058
scFoundation,0.05,7,2,0.26660311222076416,2285.432312958292,1.2759309286634195,0.021858660504221916
scNET,0.05,0,4,0.3704638183116913,44756.040842199516,1.996850918807582,0.6752910017967224
scNET,0.05,1,4,0.3606290817260742,43753.575860959536,2.0052503512261834,0.6724423766136169
scNET,0.05,2,4,0.24296128749847412,36099.65860480237,2.053830692965872,0.6000449061393738
scNET,0.05,3,4,0.44378137588500977,48739.83168698916,1.899109542333525,0.6805137395858765
scNET,0.05,4,4,0.4420014023780823,48607.6835432089,1.9052441974087717,0.6803205013275146
scNET,0.05,5,4,0.3705330789089203,44865.676801438334,2.062881163463796,0.6708178520202637
scNET,0.05,6,4,0.18466529250144958,30768.556778847356,2.0585043350121532,0.5664384365081787
scNET,0.05,7,4,0.37125518918037415,44765.13888968272,1.9995456765812278,0.6760748028755188
scNET,0.05,8,3,0.3598864674568176,37899.39056908199,2.3944469525225123,0.5196064710617065
scNET,0.05,9,4,0.43938103318214417,48467.003929456136,1.9322115911854114,0.678948700428009
PARE_wolasso,0.05,0,10,0.9066295623779297,336448.53793885745,0.29816600911085933,0.8850353956222534
PARE_wolasso,0.05,1,10,0.9034746885299683,304788.49145526707,0.3206974177995444,0.885032057762146
PARE_wolasso,0.05,2,10,0.909424901008606,330471.3657607969,0.3045402920576154,0.8847581148147583
PARE_wolasso,0.05,3,10,0.9092124700546265,328146.8655145614,0.303116005465232,0.8847627639770508
PARE_wolasso,0.05,4,10,0.9060423374176025,324093.3640567003,0.30726081200856126,0.8846986293792725
PARE_wolasso,0.05,5,10,0.913447380065918,347160.506619027,0.29790636430876016,0.8850133419036865
PARE_wolasso,0.05,6,10,0.9109218716621399,346620.931775436,0.29321980926151514,0.8848521709442139
PARE_wolasso,0.05,7,8,0.7256028652191162,115870.133108412,0.6681352957450822,0.8570693731307983
PARE_wolasso,0.05,8,10,0.9078484773635864,319471.55072921177,0.3068197412798945,0.8847794532775879
PARE_wolasso,0.05,9,10,0.9001085758209229,303290.95126958215,0.3127338157435816,0.884757399559021
PARE,0.05,0,10,0.9179268479347229,419085.85742775584,0.24215880476557916,0.885269284248352
PARE,0.05,1,10,0.9109602570533752,396519.51690086536,0.24581837147146754,0.8848346471786499
PARE,0.05,2,10,0.9194591641426086,435893.34886490094,0.23942066117335248,0.8853592276573181
PARE,0.05,3,10,0.9192784428596497,425256.501714423,0.23882006130437589,0.8855751752853394
PARE,0.05,4,10,0.9106177091598511,380497.56177513924,0.25544880512822293,0.8847947716712952
PARE,0.05,5,10,0.9206288456916809,450320.0028371405,0.24035944247345128,0.8853613138198853
PARE,0.05,6,10,0.9172619581222534,399898.2313385405,0.2439769296178695,0.8853812217712402
PARE,0.05,7,10,0.9114453792572021,381828.11792196194,0.24780727460065427,0.8849862813949585
PARE,0.05,8,10,0.9136624932289124,411866.22509119613,0.24654944831958706,0.8850259780883789
PARE,0.05,9,10,0.9192403554916382,438051.78774039383,0.2416333568474185,0.8851410746574402
scVI,0.1,0,4,-0.02837366983294487,4499.923745312166,2.4594283492886024,0.3750699758529663
scVI,0.1,1,3,0.013811673037707806,6612.966705043673,2.6897988740612386,0.4669341742992401
scVI,0.1,2,3,0.01922610029578209,7185.872982434285,2.322806959393654,0.38560447096824646
scVI,0.1,3,4,-0.007415750529617071,5869.864084791878,2.3566193735827667,0.4614163637161255
scVI,0.1,4,2,0.14342203736305237,11834.565762138742,3.23253803369295,0.4403482675552368
scVI,0.1,5,2,0.10747512429952621,7121.942241426473,3.2337321732350217,0.2797490060329437
scVI,0.1,6,3,0.01657124236226082,6707.047801681581,2.6714098094546848,0.4678152799606323
scVI,0.1,7,5,-0.03237636387348175,5081.524843155561,2.2755631806061776,0.5078700184822083
scVI,0.1,8,4,0.04379463195800781,6698.210572347188,2.5844212884593025,0.5048986673355103
scVI,0.1,9,4,0.020391302183270454,6091.1893447185785,2.643098304866784,0.5100866556167603
scFoundation,0.1,0,3,0.2057228982448578,15372.84327376315,1.6623340638748771,0.4308074116706848
scFoundation,0.1,1,3,0.20346850156784058,15374.429364592024,1.640268735142062,0.42980527877807617
scFoundation,0.1,2,3,0.2057531177997589,15363.333273320019,1.663833295637245,0.43113067746162415
scFoundation,0.1,3,2,0.22527825832366943,26563.230382741574,1.9199066283467838,0.416024386882782
scFoundation,0.1,4,3,0.20611901581287384,15385.486209439223,1.6635636625662664,0.4314248263835907
scFoundation,0.1,5,3,0.20541127026081085,15340.548613648194,1.6638112938834846,0.4311016798019409
scFoundation,0.1,6,3,0.206206277012825,15395.220126636605,1.6634294293987353,0.4314805567264557
scFoundation,0.1,7,2,0.23262369632720947,27238.773865961797,1.9234759956809635,0.42191624641418457
scFoundation,0.1,8,3,0.2123892605304718,15770.86112391702,1.671972116792981,0.4378244876861572
scFoundation,0.1,9,3,0.20414865016937256,15405.476013579382,1.6510985192124614,0.4307233989238739
scNET,0.1,0,4,0.4186728000640869,46781.41321843744,1.940416755505561,0.6805088520050049
scNET,0.1,1,7,0.23761297762393951,34655.494742487295,1.7191005207124703,0.768090546131134
scNET,0.1,2,7,0.1814602017402649,32759.77365814267,1.7818943868216193,0.7600093483924866
scNET,0.1,3,6,0.29622337222099304,37389.17985685996,1.8091474617055765,0.736595869064331
scNET,0.1,4,5,0.22264716029167175,33892.885217737035,2.081029633909908,0.7035982012748718
scNET,0.1,5,6,0.2813819348812103,35055.43541362595,1.829421685435862,0.7304092645645142
scNET,0.1,6,6,0.27192237973213196,33700.223748001474,1.783084456200321,0.727206289768219
scNET,0.1,7,6,0.1904531717300415,36201.78159516474,1.7981105825044519,0.7510182857513428
scNET,0.1,8,6,0.28506481647491455,35910.17244513414,1.8237598086963842,0.7329151630401611
scNET,0.1,9,5,0.27966952323913574,38185.543213037614,1.935871426008066,0.7078925967216492
PARE_wolasso,0.1,0,10,0.9031143188476562,310687.5657883147,0.3092077234667413,0.8848565220832825
PARE_wolasso,0.1,1,10,0.9051969647407532,307307.6933241462,0.3156432915023636,0.8851278424263
PARE_wolasso,0.1,2,10,0.9034669399261475,308761.63807344245,0.3209143104311544,0.8851431608200073
PARE_wolasso,0.1,3,10,0.9083654880523682,314333.09683082905,0.31515937068955496,0.884526252746582
PARE_wolasso,0.1,4,10,0.9080144166946411,317058.5079554913,0.31359857415762143,0.8852362036705017
PARE_wolasso,0.1,5,10,0.9028928875923157,316650.96997486963,0.3074705630448636,0.8851991295814514
PARE_wolasso,0.1,6,10,0.9102055430412292,334766.51533773897,0.30267620069931944,0.8851550221443176
PARE_wolasso,0.1,7,10,0.9047598838806152,307836.90421196027,0.3172413974795644,0.8851184844970703
PARE_wolasso,0.1,8,10,0.9053558707237244,324419.64009796083,0.3054982847913938,0.8850197792053223
PARE_wolasso,0.1,9,10,0.9042200446128845,319144.4312394188,0.30727191755787275,0.884564220905304
PARE,0.1,0,10,0.9202078580856323,437519.2779700413,0.24166047204498287,0.8853824138641357
PARE,0.1,1,10,0.9107027649879456,394835.8223984943,0.25489210461481926,0.8848322629928589
PARE,0.1,2,10,0.91713547706604,419599.5492549701,0.24094703394404804,0.8851507306098938
PARE,0.1,3,10,0.917793333530426,412413.7311582517,0.24537325816955669,0.8853136301040649
PARE,0.1,4,10,0.9182442426681519,401498.5163535974,0.2400520263357985,0.885552167892456
PARE,0.1,5,10,0.9176557660102844,405656.16514323297,0.23977216584519884,0.8854484558105469
PARE,0.1,6,10,0.9168490171432495,426309.04269861005,0.24271097937797567,0.8853387832641602
PARE,0.1,7,10,0.9134434461593628,395660.5105704737,0.24900402448972064,0.8849880695343018
PARE,0.1,8,10,0.9154098033905029,399652.93324219325,0.24572885437246886,0.8855283260345459
PARE,0.1,9,10,0.9200221300125122,432118.13975590543,0.24607895751134298,0.8854645490646362
scVI,0.2,0,8,0.03662430867552757,6891.774865594068,2.1086682139234756,0.7044069766998291
scVI,0.2,1,7,0.04462944716215134,6658.730544113848,2.3634933994017095,0.6822696924209595
scVI,0.2,2,8,0.0010378713486716151,5818.781566568087,2.1372537319076823,0.6615071296691895
scVI,0.2,3,8,-0.00019066660024691373,5819.146224343805,2.114234818485264,0.6619330048561096
scVI,0.2,4,8,0.06693413108587265,6989.514822975823,2.276700442079858,0.7117396593093872
scVI,0.2,5,8,0.07083386927843094,6961.1160209662185,2.3575927120466003,0.7242937088012695
scVI,0.2,6,8,-0.01947903260588646,5482.692878418272,2.208583793596355,0.6585352420806885
scVI,0.2,7,7,0.01370344590395689,6513.484195117367,2.207197137442009,0.660976231098175
scVI,0.2,8,7,0.016068706288933754,6552.068717647708,2.16173933953961,0.6676902174949646
scVI,0.2,9,8,-0.014868480153381824,5569.984484560598,2.18949226013724,0.6645047068595886
scFoundation,0.2,0,5,0.22181940078735352,15374.497002279966,1.9146242869470687,0.5891357064247131
scFoundation,0.2,1,5,0.22426266968250275,15454.62344791178,1.9024357643360361,0.5893195271492004
scFoundation,0.2,2,4,0.27521711587905884,18742.212389658627,1.9388760236203804,0.5534566044807434
scFoundation,0.2,3,5,0.10143712908029556,11658.577744104443,2.236306953836877,0.5709956288337708
scFoundation,0.2,4,4,0.24179597198963165,19352.71374801754,2.0190654620912354,0.5894310474395752
scFoundation,0.2,5,4,0.2461453676223755,19297.88025509343,2.0061034679696075,0.5850154161453247
scFoundation,0.2,6,5,0.20124147832393646,16389.285270736927,2.011390898730269,0.6255358457565308
scFoundation,0.2,7,6,0.15086345374584198,12681.404831889684,2.1221888774090054,0.601098895072937
scFoundation,0.2,8,3,0.1992257833480835,19017.436292880207,2.7458570685062202,0.5744205117225647
scFoundation,0.2,9,4,0.23687811195850372,19149.39434873661,2.101419933639937,0.5921227931976318
scNET,0.2,0,9,0.1939486712217331,29859.31839669231,1.6568253829009718,0.7915786504745483
scNET,0.2,1,10,0.13859263062477112,29552.03623644483,1.8498285061541915,0.8028280138969421
scNET,0.2,2,8,0.19686907529830933,32308.85008122122,1.7456846266086785,0.789557695388794
scNET,0.2,3,9,0.17967373132705688,31052.982742576864,1.7367133568875541,0.7969591021537781
scNET,0.2,4,8,0.20897875726222992,33150.03352364402,1.6674121693059432,0.7820538282394409
scNET,0.2,5,8,0.16611002385616302,31283.83246520719,1.759968919794558,0.7797195911407471
scNET,0.2,6,8,0.18505741655826569,31478.039807382655,1.76540801257816,0.7819086313247681
scNET,0.2,7,9,0.09117571264505386,27452.701139084347,1.9121951886046058,0.7972052097320557
scNET,0.2,8,8,0.24611075222492218,35065.41451006438,1.7135405040891631,0.8002805709838867
scNET,0.2,9,6,0.32087650895118713,40102.439693351625,1.803358651121518,0.7556315064430237
PARE_wolasso,0.2,0,12,0.8647643327713013,308555.7826513869,0.7062369606440196,0.8891174793243408
PARE_wolasso,0.2,1,12,0.8501590490341187,298495.91863527545,0.5654468185228982,0.8890618085861206
PARE_wolasso,0.2,2,11,0.8576967716217041,321852.5554602562,0.4332957895263733,0.8871573805809021
PARE_wolasso,0.2,3,11,0.8623243570327759,343254.6455469385,0.39147882294031666,0.8878549337387085
PARE_wolasso,0.2,4,11,0.867956280708313,353194.3465776883,0.3876363853244842,0.888077974319458
PARE_wolasso,0.2,5,10,0.9002207517623901,317703.0059779526,0.3004837903781422,0.8844529986381531
PARE_wolasso,0.2,6,11,0.8840254545211792,382033.97581130336,0.36890419875505037,0.8870341777801514
PARE_wolasso,0.2,7,12,0.8692234754562378,315755.11322579754,0.6181627859292337,0.8877418041229248
PARE_wolasso,0.2,8,11,0.8677924275398254,351519.7384235116,0.3870104149547394,0.8878850936889648
PARE_wolasso,0.2,9,10,0.9008722305297852,305433.32804593316,0.31104743370655447,0.8849207758903503
PARE,0.2,0,10,0.913282036781311,393734.6267211225,0.2425675413101141,0.8853924870491028
PARE,0.2,1,10,0.9095813035964966,376056.0491749753,0.25091003768766623,0.8851110935211182
PARE,0.2,2,10,0.9115856885910034,392303.0592551561,0.24836412575389116,0.8852039575576782
PARE,0.2,3,11,0.9025930762290955,339073.03897721635,0.5431231112780451,0.8848550915718079
PARE,0.2,4,10,0.9137504696846008,387556.3847655366,0.2454036217997629,0.8854817152023315
PARE,0.2,5,11,0.9066480994224548,344000.09598885203,0.6431398213259281,0.886101245880127
PARE,0.2,6,11,0.9038071036338806,355068.1276950759,0.6122104722241933,0.8858045935630798
PARE,0.2,7,11,0.9089333415031433,364874.818803538,0.6462024458821279,0.8861256837844849
PARE,0.2,8,10,0.9155818223953247,395571.42486589344,0.2465463709903434,0.885435938835144
PARE,0.2,9,8,0.7437530755996704,127250.61272266452,0.7930872199825899,0.8681764602661133
scVI,0.5,0,19,0.06176010146737099,5141.836138414532,2.102078247330308,0.7845668196678162
scVI,0.5,1,16,0.056461527943611145,5410.110900282481,2.052486775651909,0.7765235900878906
scVI,0.5,2,15,0.09501003473997116,5816.892149553058,2.080696145145995,0.7785021066665649
scVI,0.5,3,17,0.05312008038163185,5260.849225089874,2.051683238752501,0.7781916856765747
scVI,0.5,4,15,0.04485493153333664,5557.881680674008,2.0766570457058107,0.7728807926177979
scVI,0.5,5,16,0.06722670048475266,5517.748147013137,2.0349835351559826,0.7797991037368774
scVI,0.5,6,16,0.05011919140815735,5417.108238587,2.0367143037426194,0.7770985960960388
scVI,0.5,7,15,0.05232414975762367,5606.739992650935,2.059584934457987,0.7727936506271362
scVI,0.5,8,16,0.08139005303382874,5586.175762627843,2.1699939194342757,0.779011607170105
scVI,0.5,9,17,0.07682409137487411,5335.177519998996,2.166863363748221,0.7776625156402588
scFoundation,0.5,0,9,0.06590393930673599,10259.682055061585,2.5559711989822853,0.7085245847702026
scFoundation,0.5,1,8,0.07086284458637238,11145.83891883072,2.864713570277294,0.7074419260025024
scFoundation,0.5,2,9,0.06650342047214508,10305.552668225568,2.5271306368022346,0.7082358598709106
scFoundation,0.5,3,16,0.07716166228055954,7283.220782924927,2.690160130574503,0.7245715260505676
scFoundation,0.5,4,10,0.06759271770715714,9784.311259833119,2.567514240036406,0.7159641981124878
scFoundation,0.5,5,9,0.09126170724630356,10283.625827110549,2.365061290479013,0.6906431317329407
scFoundation,0.5,6,10,0.06527897715568542,9636.721213191355,2.5327433504895556,0.7150146961212158
scFoundation,0.5,7,10,0.0626949816942215,9543.24313488043,2.5034612586310443,0.7134799957275391
scFoundation,0.5,8,11,0.0674891322851181,9232.444731013997,2.655231688705112,0.721479058265686
scFoundation,0.5,9,9,0.052030254155397415,9811.82836977076,2.6198579080238567,0.7088528871536255
scNET,0.5,0,22,0.09884341806173325,23485.108349869566,1.8741944920200473,0.8124055862426758
scNET,0.5,1,16,0.08980879932641983,25791.966069202506,1.784041895860316,0.8171868324279785
scNET,0.5,2,15,0.13330183923244476,26692.661815509433,1.8214283774209852,0.8198021650314331
scNET,0.5,3,17,0.17704834043979645,27856.892855609574,1.5654981251584936,0.8219555020332336
scNET,0.5,4,18,0.12508763372898102,25934.83484102673,1.9084933384553655,0.8191519975662231
scNET,0.5,5,17,0.14420118927955627,27137.278573601456,1.6557321600290964,0.8212457895278931
scNET,0.5,6,17,0.0790926069021225,23980.420192747315,1.9438905077352995,0.8018714785575867
scNET,0.5,7,17,0.14133547246456146,27736.99811409076,1.7387301830309874,0.8200022578239441
scNET,0.5,8,15,0.150687575340271,28134.209828499865,1.7982521281114814,0.8212591409683228
scNET,0.5,9,15,0.129648819565773,28042.545514492318,1.7432288749223703,0.8236556053161621
PARE_wolasso,0.5,0,17,0.786691427230835,196538.70025779973,1.0676560754866653,0.8941313028335571
PARE_wolasso,0.5,1,17,0.7936563491821289,192240.2362705102,1.0907670591948604,0.8942228555679321
PARE_wolasso,0.5,2,16,0.8044292330741882,216431.09753582443,1.0891450913658018,0.8931281566619873
PARE_wolasso,0.5,3,17,0.7740399837493896,195197.03894443865,0.9573322091311692,0.892606258392334
PARE_wolasso,0.5,4,16,0.8110138773918152,212315.4251095964,0.938020854688838,0.8927102088928223
PARE_wolasso,0.5,5,16,0.8311173319816589,247738.46975649364,1.0070552546959042,0.8946360349655151
PARE_wolasso,0.5,6,16,0.7850439548492432,203435.23454266577,1.0293408873946621,0.8929011225700378
PARE_wolasso,0.5,7,18,0.7827462553977966,211222.43821371315,1.0184223802810692,0.8924973011016846
PARE_wolasso,0.5,8,17,0.7832661867141724,204193.45741443426,1.00690116213457,0.8933106660842896
PARE_wolasso,0.5,9,16,0.8059467077255249,219940.6627873297,0.9707614123269783,0.894161581993103
PARE,0.5,0,15,0.8009738326072693,248357.09020492298,0.8719129987836477,0.891405463218689
PARE,0.5,1,17,0.8171777725219727,230114.33699159182,1.098823400547316,0.8933148980140686
PARE,0.5,2,17,0.7942414283752441,289427.2520012612,0.9607364697100865,0.8928608894348145
PARE,0.5,3,16,0.8407766819000244,239122.76521741305,1.057018689844994,0.8912257552146912
PARE,0.5,4,17,0.7939592599868774,237867.5105594689,1.1045457595926549,0.8935458660125732
PARE,0.5,5,17,0.7896235585212708,257883.4744118688,1.2014772911053657,0.8951010704040527
PARE,0.5,6,17,0.8017715215682983,247272.24460715314,1.0485289004410365,0.8934904336929321
PARE,0.5,7,15,0.8255890607833862,294022.3936592147,1.0041755942151709,0.8907606601715088
PARE,0.5,8,16,0.7904038429260254,278552.5503586644,0.9749979303118976,0.8937236070632935
PARE,0.5,9,16,0.8178978562355042,277551.2008567189,1.1133447580747275,0.8931064605712891
scVI,0.8,0,20,0.07275573909282684,5058.938489229258,2.1539008240343116,0.7841482162475586
scVI,0.8,1,24,0.050725750625133514,4601.265499261944,2.2187262011184252,0.7844363451004028
scVI,0.8,2,21,0.09364151209592819,5041.93840821946,2.136126808837917,0.7878309488296509
scVI,0.8,3,21,0.08606470376253128,5130.159133235667,2.1175194218038356,0.791375458240509
scVI,0.8,4,21,0.08239123970270157,5087.2394152305005,2.0926185780985,0.7881597876548767
scVI,0.8,5,20,0.08520573377609253,5160.446263208712,2.0954353537489268,0.7880290746688843
scVI,0.8,6,22,0.08897801488637924,5114.85282259762,2.038420545608599,0.7923158407211304
scVI,0.8,7,23,0.05737532302737236,4732.607505770899,2.0358973911040663,0.7894119620323181
scVI,0.8,8,23,0.06808959692716599,4774.753657997979,2.1100893030522743,0.7872011661529541
scVI,0.8,9,22,0.08694800734519958,5024.296547428221,2.1002785051128465,0.7900444269180298
scFoundation,0.8,0,16,0.08537657558917999,7456.31824579629,2.517582920518075,0.7308581471443176
scFoundation,0.8,1,15,0.07751873880624771,7750.343058904412,2.5362761412364505,0.7303472757339478
scFoundation,0.8,2,16,0.07563531398773193,7543.337684689929,2.513887064502173,0.7289307117462158
scFoundation,0.8,3,18,0.061826083809137344,6830.457749299548,2.6335182354070152,0.7304679155349731
scFoundation,0.8,4,17,0.05411754921078682,6950.097266364797,2.5591524785323667,0.7300398945808411
scFoundation,0.8,5,15,0.08523138612508774,7994.844500477234,2.5537449363320355,0.7302839756011963
scFoundation,0.8,6,15,0.07716232538223267,7761.24020184392,2.5397878019240276,0.7309609651565552
scFoundation,0.8,7,16,0.07822690904140472,7507.037225225153,2.482567258004778,0.7308398485183716
scFoundation,0.8,8,15,0.08469852060079575,8020.3616240166,2.491784745677523,0.7305953502655029
scFoundation,0.8,9,16,0.08710981905460358,7518.750576896753,2.5139903945483915,0.7313077449798584
scNET,0.8,0,23,0.12778212130069733,24352.720706057407,1.9438609843191452,0.8087919354438782
scNET,0.8,1,26,0.12315971404314041,23453.137600095062,1.9426233477257777,0.8102235794067383
scNET,0.8,2,24,0.15933366119861603,24732.588582082135,1.7237024223586692,0.8195469379425049
scNET,0.8,3,27,0.12493160367012024,23023.116805389833,1.8977206507433764,0.8074688911437988
scNET,0.8,4,24,0.1259593665599823,24370.263807702417,1.9174901856665378,0.8159487247467041
scNET,0.8,5,22,0.12763747572898865,25048.56990746913,1.9052519714983653,0.8137320280075073
scNET,0.8,6,28,0.12300444394350052,22841.18324395776,1.7813314360571002,0.8103786706924438
scNET,0.8,7,24,0.11705657094717026,23320.214014774636,1.8995042705371723,0.8122892379760742
scNET,0.8,8,23,0.13133187592029572,24113.24847241116,1.8020384035780268,0.8097856044769287
scNET,0.8,9,23,0.1560986489057541,25552.11051648696,1.6890463718584663,0.816351056098938
PARE_wolasso,0.8,0,21,0.7605606317520142,180498.83263630225,1.109713295324603,0.894912600517273
PARE_wolasso,0.8,1,20,0.7396621704101562,187828.56635409288,1.1791697734704059,0.8901005983352661
PARE_wolasso,0.8,2,21,0.7414331436157227,184805.1461929449,1.1046595785286086,0.8954756259918213
PARE_wolasso,0.8,3,23,0.7192232012748718,173048.62281364526,1.1608918936712616,0.8865799307823181
PARE_wolasso,0.8,4,24,0.5637627243995667,187268.91393719756,1.4334777922383661,0.8401087522506714
PARE_wolasso,0.8,5,21,0.7204006314277649,202603.605911142,1.1528756546780126,0.8883351683616638
PARE_wolasso,0.8,6,22,0.6491796374320984,184546.81940582048,1.4397450342386742,0.8532381057739258
PARE_wolasso,0.8,7,22,0.7514767646789551,187106.09735470102,1.1096612724534436,0.8943531513214111
PARE_wolasso,0.8,8,24,0.7374012470245361,167463.23209470976,1.1909171601016315,0.8868069648742676
PARE_wolasso,0.8,9,23,0.7471555471420288,200088.76734355625,1.106557603028348,0.8900672197341919
PARE,0.8,0,23,0.5461066365242004,216141.2537084321,1.512763422211039,0.8360795974731445
PARE,0.8,1,24,0.4550841748714447,207508.1647700587,1.6116540207974062,0.8218317031860352
PARE,0.8,2,25,0.46872982382774353,201177.5296515483,1.6599137690528112,0.8223955035209656
PARE,0.8,3,21,0.5950181484222412,209473.50195700818,1.479965457814743,0.85582435131073
PARE,0.8,4,25,0.453137069940567,205916.95866208526,1.739743432179302,0.8197448253631592
PARE,0.8,5,23,0.5459702014923096,184317.8181873716,1.6192178572087363,0.8464484214782715
PARE,0.8,6,22,0.5834038853645325,187696.61961939695,1.4342638807596375,0.847400963306427
PARE,0.8,7,21,0.687499463558197,209237.75540027206,1.3870885291658426,0.8699147701263428
PARE,0.8,8,25,0.47966864705085754,180600.45270873027,1.6252204890388,0.8227994441986084
PARE,0.8,9,25,0.5785890221595764,197620.43368306008,1.3080324583367484,0.844976544380188
scVI,1.0,0,24,0.09513930976390839,4819.84671849668,2.1571576255141216,0.7911332845687866
scVI,1.0,1,25,0.06360778212547302,4506.702787307797,2.1247473486205823,0.7871384620666504
scVI,1.0,2,27,0.08049026131629944,4564.337677794948,2.0412705423247166,0.7921396493911743
scVI,1.0,3,25,0.08175389468669891,4722.987135012627,2.0684600166063,0.7901986837387085
scVI,1.0,4,24,0.08505275100469589,4747.795567248551,2.1336747066291424,0.7897352576255798
scVI,1.0,5,25,0.08325248956680298,4605.417855846443,2.102866605900004,0.7887300848960876
scVI,1.0,6,26,0.06307186186313629,4511.430010309427,2.061536952482415,0.7902596592903137
scVI,1.0,7,28,0.07423357665538788,4420.418330088354,2.046150007753566,0.7880057096481323
scVI,1.0,8,26,0.09819061309099197,4622.309780084574,2.0951709313742977,0.7891657948493958
scVI,1.0,9,24,0.08486127108335495,4767.086430402532,2.1493648943207706,0.7895954251289368
scFoundation,1.0,0,17,0.07823361456394196,7349.159331311633,2.5159008632781936,0.7331804037094116
scFoundation,1.0,1,17,0.08002570271492004,7315.509057919513,2.521204025168,0.7337760925292969
scFoundation,1.0,2,16,0.08279627561569214,7658.685444326492,2.5479239868011785,0.7314343452453613
scFoundation,1.0,3,16,0.08359112590551376,7512.426112918429,2.5707660760890896,0.7322399020195007
scFoundation,1.0,4,16,0.08031932264566422,7608.329824771866,2.5452107916768307,0.7312195301055908
scFoundation,1.0,5,16,0.08574395626783371,7595.76619356578,2.5370351661946584,0.7329418659210205
scFoundation,1.0,6,17,0.07788901031017303,7206.929477837984,2.5125057161405624,0.7321367263793945
scFoundation,1.0,7,17,0.07257986813783646,7219.88301712793,2.4880186930777692,0.7328996062278748
scFoundation,1.0,8,16,0.07651656866073608,7434.852794662026,2.556238845566083,0.7315483689308167
scFoundation,1.0,9,16,0.07645322382450104,7459.786037200617,2.5557851112854015,0.7318010330200195
scNET,1.0,0,24,0.1491622030735016,24834.329192974496,1.6947484207993535,0.8211228847503662
scNET,1.0,1,28,0.07113974541425705,21314.808860269648,1.8887776122217799,0.8024638891220093
scNET,1.0,2,31,0.12175965309143066,21524.559127475648,1.9241641528378108,0.8023181557655334
scNET,1.0,3,26,0.13105714321136475,22735.821781384537,1.7728435538402962,0.8100153207778931
scNET,1.0,4,26,0.12359357625246048,23130.323367973277,1.7832441508689145,0.809420108795166
scNET,1.0,5,28,0.13225676119327545,22911.19668592507,1.7053451153714803,0.8129606246948242
scNET,1.0,6,29,0.07048030197620392,20937.147291837533,1.8724785698529993,0.7979820370674133
scNET,1.0,7,28,0.10816503316164017,21915.653097240556,1.822649027767396,0.8090544939041138
scNET,1.0,8,26,0.14199525117874146,24044.490536935133,1.786330745416153,0.8124852180480957
scNET,1.0,9,26,0.1276148408651352,22651.647410088124,1.8415950439734095,0.8087945580482483
PARE_wolasso,1.0,0,25,0.5542579889297485,180381.71849321347,1.5146537001003995,0.8395223617553711
PARE_wolasso,1.0,1,22,0.48402273654937744,166034.90940910138,1.7599847700896134,0.816913366317749
PARE_wolasso,1.0,2,28,0.40348145365715027,161012.35906514514,1.795055413593452,0.7882815599441528
PARE_wolasso,1.0,3,29,0.3846713602542877,184997.44545163316,1.7400994431323247,0.7889112234115601
PARE_wolasso,1.0,4,30,0.4035908281803131,161482.88185070202,1.7494101568600149,0.7900813221931458
PARE_wolasso,1.0,5,23,0.4698050022125244,153484.26054515265,1.6351796385931539,0.8128046989440918
PARE_wolasso,1.0,6,28,0.3880006968975067,175761.88336102036,1.7253552427136687,0.7886682748794556
PARE_wolasso,1.0,7,26,0.5339475870132446,167839.74690570493,1.6814795972877339,0.8230621814727783
PARE_wolasso,1.0,8,23,0.5009720325469971,152348.06018567723,1.6795287901702176,0.8231205940246582
PARE_wolasso,1.0,9,27,0.3846006393432617,181479.7931279631,1.8005271289775355,0.7883080244064331
PARE,1.0,0,27,0.4349117875099182,193708.39010903635,1.5113397634986567,0.8082776069641113
PARE,1.0,1,27,0.40629154443740845,149939.55812715774,1.6947992044498932,0.8058143854141235
PARE,1.0,2,27,0.4701981246471405,184148.44934833815,1.545265406789983,0.8197426795959473
PARE,1.0,3,29,0.3997621536254883,186329.6038444834,1.5368963020550643,0.8178086280822754
PARE,1.0,4,25,0.4648393392562866,196660.4045077736,1.4956403732436838,0.8141101002693176
PARE,1.0,5,27,0.46497607231140137,175811.08546236122,1.6246761482008978,0.8192639946937561
PARE,1.0,6,26,0.4307488799095154,184855.74680415704,1.5922027839590642,0.8121077418327332
PARE,1.0,7,27,0.4472286105155945,192317.86735199744,1.5206390837885417,0.814865231513977
PARE,1.0,8,26,0.46264997124671936,180309.19577945967,1.582771878926214,0.8191446661949158
PARE,1.0,9,23,0.41669246554374695,147476.22456317567,1.6252270346774964,0.8229142427444458
scVI,1.2,0,31,0.08450314402580261,4265.51411219007,2.092377533377293,0.7836414575576782
scVI,1.2,1,29,0.09312604367733002,4340.003840533392,2.2087528732143853,0.7865222096443176
scVI,1.2,2,31,0.058785706758499146,4075.1111309748812,2.1069083248466254,0.7851284146308899
scVI,1.2,3,30,0.08453836292028427,4273.577783452846,2.080797512649862,0.7894256114959717
scVI,1.2,4,28,0.09663337469100952,4471.727717557253,2.098799426046051,0.7899144887924194
scVI,1.2,5,30,0.08005783706903458,4212.714586446507,2.1203285640489815,0.7853304743766785
scVI,1.2,6,30,0.07295844703912735,4280.060307647167,2.1118438785054083,0.7862662076950073
scVI,1.2,7,29,0.09321627765893936,4434.194663650179,2.1211598843980806,0.7867262363433838
scVI,1.2,8,28,0.08058246970176697,4355.095986155264,2.116674155119774,0.7859625816345215
scVI,1.2,9,30,0.08467697352170944,4281.449509426734,2.0798487035374946,0.787277102470398
scFoundation,1.2,0,20,0.07081320881843567,6462.838468512926,2.660391418554413,0.727739155292511
scFoundation,1.2,1,19,0.07061120122671127,6691.309367831509,2.6359202134964796,0.728039026260376
scFoundation,1.2,2,20,0.06722904741764069,6333.718549828819,2.618202080341685,0.7286204099655151
scFoundation,1.2,3,19,0.07021412253379822,6646.259986951431,2.598243919730923,0.7306000590324402
scFoundation,1.2,4,19,0.0712023451924324,6733.207198153443,2.6214016902261412,0.72926265001297
scFoundation,1.2,5,19,0.06722749769687653,6578.056665830746,2.6399678503127295,0.7288480997085571
scFoundation,1.2,6,19,0.06635881960391998,6583.848613483312,2.631149555838464,0.7287638783454895
scFoundation,1.2,7,19,0.07065066695213318,6769.51163971999,2.6091832396460295,0.7297519445419312
scFoundation,1.2,8,20,0.05728677660226822,6087.48490920059,2.586975359110168,0.7293562293052673
scFoundation,1.2,9,19,0.07412033528089523,6648.928548463883,2.6167340302083217,0.7303088903427124
scNET,1.2,0,29,0.10716978460550308,22019.15410346922,1.9022686739144168,0.8081115484237671
scNET,1.2,1,29,0.11187511682510376,21745.169362147844,1.8985915357675884,0.8101438879966736
scNET,1.2,2,31,0.11530493944883347,21460.572701148074,1.7884082417708649,0.810880184173584
scNET,1.2,3,30,0.1268972009420395,22293.14742437526,1.8338332022165498,0.8076769113540649
scNET,1.2,4,29,0.11943192034959793,21676.876507137185,1.7845026271998712,0.8115353584289551
scNET,1.2,5,28,0.12631045281887054,23131.844890031232,1.8351653358119968,0.813788115978241
scNET,1.2,6,31,0.11587437242269516,21543.00552984135,1.8080882089446295,0.809697151184082
scNET,1.2,7,31,0.14059235155582428,21918.591440529668,1.7751743050704494,0.8102986812591553
scNET,1.2,8,30,0.09632591903209686,21994.273516278474,1.7940489883895627,0.8080350160598755
scNET,1.2,9,29,0.11869362741708755,22081.167551984312,1.843579697070066,0.808695912361145
PARE_wolasso,1.2,0,29,0.30322331190109253,158237.12811968234,1.914607773106182,0.7681320905685425
PARE_wolasso,1.2,1,29,0.31647980213165283,155170.87025997095,1.918898704328977,0.7699806690216064
PARE_wolasso,1.2,2,31,0.3059329092502594,155721.23076474894,1.8218784776048005,0.7712647914886475
PARE_wolasso,1.2,3,30,0.3126053214073181,160297.84521851924,1.9046570730734174,0.7690532207489014
PARE_wolasso,1.2,4,28,0.24139651656150818,131086.84112311446,1.9518932990512587,0.7770195603370667
PARE_wolasso,1.2,5,27,0.30402064323425293,140886.8508231315,2.053361105352796,0.7687138319015503
PARE_wolasso,1.2,6,33,0.20523761212825775,147445.51221659238,2.1199336763143695,0.7379403114318848
PARE_wolasso,1.2,7,31,0.31810784339904785,163182.92525685785,1.8408218314828324,0.7684087753295898
PARE_wolasso,1.2,8,31,0.2945955693721771,140452.83212156504,1.859752529466739,0.7671021819114685
PARE_wolasso,1.2,9,29,0.3124498724937439,164286.30548196318,1.8303773878450285,0.768069326877594
PARE,1.2,0,34,0.2528892159461975,182004.64824452766,1.813798910291306,0.7722972631454468
PARE,1.2,1,29,0.2640204429626465,178411.9113969415,1.6734845426786682,0.7837961912155151
PARE,1.2,2,30,0.38493266701698303,181898.6824268204,1.5802816306417866,0.8069109916687012
PARE,1.2,3,30,0.40822750329971313,183563.2024495734,1.55800490568298,0.8070967197418213
PARE,1.2,4,28,0.3929728865623474,167805.4065499728,1.6480151290477785,0.8076395988464355
PARE,1.2,5,31,0.3955681324005127,179713.34886323844,1.5028687890163637,0.806853175163269
PARE,1.2,6,28,0.41200193762779236,190060.3943768393,1.5602414262828066,0.806652843952179
PARE,1.2,7,29,0.4020480215549469,179021.9774762051,1.6520314468870627,0.807425856590271
PARE,1.2,8,30,0.41043931245803833,198109.45556106954,1.4621015307258993,0.8073619604110718
PARE,1.2,9,25,0.4144946336746216,183456.8375214955,1.6221769571604632,0.8080843687057495
scVI,1.5,1,33,0.06226935237646103,4047.0804549909203,2.0541688152286532,0.7886408567428589
scVI,1.5,2,35,0.0672396719455719,3932.2095631232323,2.03085474394711,0.7877621650695801
scVI,1.5,4,33,0.08461575955152512,4110.111678916771,2.017963953989493,0.7854099869728088
scVI,1.5,5,34,0.08194944262504578,4034.3956525215094,2.070672637972076,0.784235417842865
scVI,1.5,6,34,0.09237457066774368,4116.448697779358,2.0944498473710196,0.7862969040870667
scVI,1.5,7,34,0.09261811524629593,4138.960670643619,2.0248228748913912,0.7874729037284851
scVI,1.5,8,35,0.0801660493016243,3966.7025752514683,2.073117650417886,0.7831012010574341
scVI,1.5,9,33,0.07850313931703568,4082.1289840826407,2.100798272151007,0.7852751612663269
scFoundation,1.5,0,24,0.057131629437208176,5574.010867727611,2.6154539286779857,0.7241204977035522
scFoundation,1.5,1,27,0.046177517622709274,5120.760579014414,2.6291705050063907,0.7224435806274414
scFoundation,1.5,2,24,0.0510319359600544,5577.65788626497,2.602557864278538,0.7245104312896729
scFoundation,1.5,3,25,0.03727835789322853,5376.918826601018,2.6882624229921026,0.723244309425354
scFoundation,1.5,4,28,0.04685576632618904,4905.575785708021,2.661045159325082,0.720856249332428
scFoundation,1.5,5,26,0.04518793150782585,5217.814636639751,2.6714079535699216,0.7230249643325806
scFoundation,1.5,6,28,0.05340970307588577,4989.40305217793,2.6532365335760804,0.7199657559394836
scFoundation,1.5,7,25,0.05542018264532089,5440.065332658257,2.720651536710049,0.7242321968078613
scFoundation,1.5,8,25,0.04142778739333153,5409.2874180932085,2.7408394534799077,0.7213273644447327
scFoundation,1.5,9,28,0.04605328291654587,4971.062370275253,2.6286659089751994,0.7226715087890625
scNET,1.5,2,33,0.08966317027807236,20848.312995951655,2.0174522641364576,0.8007225394248962
scNET,1.5,4,34,0.10382018238306046,19934.89917823629,1.881759054554968,0.8042750358581543
scNET,1.5,6,34,0.09806488454341888,20088.445820642846,1.8900771795624214,0.8029792904853821
scNET,1.5,8,35,0.10834642499685287,20470.837246518397,1.919242941302451,0.7982838749885559
scNET,1.5,9,35,0.10066603124141693,20333.15192692589,1.9147578474214908,0.7958595752716064
PARE_wolasso,1.5,0,33,0.20865008234977722,125739.28230856049,2.234173448813271,0.7337647080421448
PARE_wolasso,1.5,1,35,0.24328584969043732,143293.4669793886,2.0396237554597767,0.7414484620094299
PARE_wolasso,1.5,2,33,0.2080080360174179,138956.82847901207,2.1468786839071115,0.7415982484817505
PARE_wolasso,1.5,3,34,0.21427036821842194,145556.2875243645,2.0771690885068637,0.7407079339027405
PARE_wolasso,1.5,4,34,0.21325764060020447,153551.81029183793,2.100910062753198,0.7360735535621643
PARE_wolasso,1.5,6,34,0.3039584159851074,142605.72373581777,1.99630067181544,0.7573592066764832
PARE_wolasso,1.5,7,34,0.21968546509742737,122531.06839591794,2.153203064665537,0.7409970164299011
PARE_wolasso,1.5,8,34,0.22672004997730255,148141.74120431018,2.0905280273848117,0.7415148019790649
PARE_wolasso,1.5,9,33,0.17871540784835815,121042.64883864802,2.2037179071608763,0.7283380031585693
PARE,1.5,5,35,0.1892935335636139,143381.41549042845,1.8445825829933564,0.7635498642921448
